Nr.;Measuring station;Ct;Road;;1;2;3;4;5;6;7;8;9;10;11;12;2021
2;CHALET-A-GOBET;VD;H 1;ADT;0;0;15068;15499;15470;17055;0;0;16331;16093;16716;14384;0
5;SCHWANDEN N;GL;H 17;ADT;5521;6374;6537;6549;6731;8134;7208;7574;8023;7355;6579;6430;6918
9;BRUENIG, LETZI;OW;A 8;ADT;4770;6733;6171;7871;8147;9413;9984;11339;9854;8876;5574;5580;7865
10;HOSPENTAL S, ST. GOTTHARD;UR;H 2;ADT;0;0;0;0;0;0;0;6548;5124;2699;0;0;0
14;JULIER, SILVAPLANA;GR;H 3;ADT;2741;4225;3886;3133;2654;3460;4172;4447;3649;3249;2177;3455;3434
16;TWANN, WINGREIS (AS);BE;A 5;ADT;10043;11389;12546;13335;13751;14666;13865;14314;14803;14300;13904;12240;13268
17;BUCHS AG (AB);AG;A 1R;ADT;30142;33311;39356;38252;37537;40205;35522;43233;46389;44618;46651;42601;39838
18;MEIRINGEN E, LAMMI;BE;H 6;ADT;1957;2439;2442;2729;3072;5288;7066;8100;6823;4919;2366;2199;4128
20;UMF. ZUERICH N, AFFOLTERN (AB);ZH;A 1C;ADT;82594;90448;96624;99244;97794;103685;106912;109257;113433;113473;109735;102575;102196
22;KRIESSERN (AB);SG;A 13;ADT;25342;30111;32036;31460;32867;37556;36825;39230;41509;39154;35667;33417;34613
23;MATTSTETTEN (AB);BE;A 1;ADT;58008;63992;70534;73707;74896;79528;82086;85107;83869;83464;78735;74595;75771
24;ROLLE (AR);VD;A 1;ADT;55921;58020;64740;66287;67811;74766;77385;77579;81174;78686;77196;69909;70850
25;BAD RAGAZ (AB);SG;A 13;ADT;35993;46482;45665;42485;43523;49259;54665;57228;54767;52440;42310;46762;47646
26;ENNETHORW (AB);LU;A 2;ADT;0;0;0;0;0;0;0;0;0;0;59467;55450;0
27;DISENTIS E;GR;H 19;ADT;1807;2323;2182;2252;2712;3405;3961;4340;3739;3020;1988;2047;2818
30;SOYHIERES;JU;H 18;ADT;3581;3911;4272;4896;4792;5101;4907;4986;5195;5143;4547;4183;4629
32;DEITINGEN (AB);SO;A 1;ADT;63436;70935;76237;80356;82058;86811;88560;92050;91281;89924;84947;79083;82191
33;EPTINGEN N (AB);BL;A 2;ADT;36690;41153;45053;44982;49142;55721;65187;70387;64887;62396;53945;50404;53412
35;TRUEBBACH S (AB);SG;A 13;ADT;25947;31782;34351;33881;36368;42024;43511;0;0;0;37726;36326;0
38;STARRKIRCH;SO;H 5;ADT;13165;14334;15858;15365;15154;16109;14458;15023;16339;15906;16310;15338;15279
40;ALPNACHSTAD (AS);OW;A 8;ADT;21833;25271;26230;27377;27744;29563;28658;29507;29805;28712;25940;24005;27056
41;GRAND-ST-BERNARD (TUNNEL);VS;H 21;ADT;638;956;744;722;1266;1530;3092;3025;2430;2442;1531;1336;1649
42;UMF. BERN OST (AB);BE;A 6;ADT;61031;69164;73120;74276;74010;0;0;0;0;0;0;0;0
43;PREVERENGES (AR);VD;A 1;ADT;72777;75878;86630;87632;88334;97306;0;0;0;0;0;0;0
44;SAN BERNARDINO (TUNNEL);GR;A 13;ADT;2686;3901;3998;5024;7200;7775;12001;13067;10368;8439;4231;4194;6932
49;STANSSTAD S (AB);NW;A 2;ADT;29554;34428;36238;37472;39031;44065;50019;52108;48237;45221;39122;36760;41062
50;BRUNNEN, MOSITUNNEL;SZ;A 4;ADT;9025;10703;12372;13376;14969;16966;16949;19096;18040;17051;13361;12479;14554
51;STABIO;TI;H 394;ADT;0;11453;11851;12216;12479;15707;17258;0;0;0;0;0;0
53;WEESEN, KERENZERBERG (AB);GL;A 3;ADT;28445;36946;34281;31911;32195;35422;38033;40008;39340;39953;31495;35458;35285
54;ADLISWIL (AB);ZH;A 3;ADT;44054;49890;51972;53298;53567;60371;58760;58152;61727;58483;55643;53186;54936
55;RICHTERSWIL (AB);ZH;A 3;ADT;46002;53834;55361;56326;56147;62714;61829;61207;64191;62780;56886;54482;57652
56;SCHOENBUEHL, GRAUHOLZ (AB);BE;A 1;ADT;81734;90795;99595;103184;104614;111689;112208;117090;116296;113678;109654;102590;105325
59;TRAV. DE NEUCHATEL E (AR);NE;A 5;ADT;34077;37313;40929;41760;41873;42443;39372;42154;45979;44185;46133;41090;41447
60;GUNZGEN (AB);SO;A 1;ADT;65687;76181;83187;87975;90064;96789;101391;107742;105189;100052;92714;84395;91017
64;CONT. DE LAUSANNE (AR);VD;A 9;ADT;78073;84857;90473;88709;90108;98031;93464;93186;97939;96558;95316;88762;91302
66;SCHLIEREN (AB);ZH;A 1;ADT;27847;30491;34911;35585;35282;38282;35866;36013;38452;38079;37910;33381;35187
67;NATERS, BITSCH;VS;H 19;ADT;5187;6656;6354;6231;6197;8015;9571;10591;9100;7920;5914;6055;7321
68;COLOVREX-LAC (AR);GE;A 1;ADT;14565;16434;17494;18167;17957;0;18327;18193;19935;19508;19552;0;0
69;COLOVREX-AEROPORT (AR);GE;A 1A;ADT;40898;39730;44008;45048;47380;57916;57701;58852;59768;59955;57387;51665;51754
70;BASEL, SCHWARZWALDBR. (AB);BS;A 2;ADT;58518;60742;66795;65687;70897;81601;89984;92430;89115;87923;80948;76091;76831
72;HUNZENSCHWIL (AB);AG;A 1;ADT;51281;58889;65352;68975;69290;73958;71609;74596;77825;74880;72405;65358;68732
73;HAERKINGEN (AB);SO;A 1;ADT;40739;47431;51155;55844;55652;57832;57390;59367;60524;58834;55613;50627;54272
75;BOWIL, BORI;BE;H 10;ADT;8536;9479;10560;10866;10894;11725;11018;11606;11874;11681;11488;10318;10841
77;CHIASSO-BROGEDA (AS);TI;A 2;ADT;23162;28472;28073;30054;36051;42491;47624;46686;46404;43118;39798;38434;37582
78;PAYERNE S;VD;H 1;ADT;7568;8422;9497;9655;9636;10287;9200;0;0;9550;9867;8705;0
79;SEEBERG N;BE;H 1;ADT;5076;5548;6186;6651;6769;7236;6791;7265;7451;7269;7051;6544;6657
81;MUTTENZ, HARD (AB);BL;A 2;ADT;97551;102891;114987;114641;117457;129885;131846;137965;136439;134083;127388;119572;122161
82;GOSSAU (AB);SG;A 1;ADT;42741;47852;53404;54307;55858;61965;60746;63556;65974;64345;60814;55791;57319
83;VILLENEUVE (AR);VD;A 9;ADT;55272;63335;63645;62882;61081;65583;69498;71181;69220;68979;63742;62594;64756
84;ST. GALLEN, ROSENB'TUNNEL (AB);SG;A 1;ADT;56287;62698;70413;70082;71792;78744;74752;77189;80201;78160;75870;69781;72197
87;GUETTINGEN;TG;H 13;ADT;6777;7972;8846;9256;9877;10985;10951;11017;10785;9772;9291;8519;9510
95;THUN, ALLMENDTUNNEL (AB);BE;A 6;ADT;0;0;0;0;0;0;0;0;0;0;0;41828;0
96;DOMAT/EMS (AB);GR;A 13;ADT;24073;30858;31092;30580;32665;36467;39767;43047;40187;37616;29678;30509;33899
97;BADEN, BAREGGTUNNEL (AB);AG;A 1;ADT;88533;99532;110253;112849;114028;122801;119663;124562;0;0;0;0;0
98;CASTASEGNA;GR;H 3;ADT;1934;2584;2500;2348;2314;3747;4500;5314;4344;4019;3302;3814;3399
99;UMF. S-CHANF;GR;H 27;ADT;2376;2905;2877;2709;2847;4158;4850;5087;4510;3994;2874;3070;3526
100;CIRCONVAL. BELLINZONA (AS);TI;A 2;ADT;29219;35454;38513;41845;47478;52400;65452;69022;61668;55437;41996;38974;48211
102;RHEINFELDEN (AB);AG;A 3;ADT;44711;49171;54709;54565;57280;63281;61704;64149;66714;66784;64455;57952;58831
104;MURI BE S (AB);BE;A 6;ADT;0;0;0;0;0;0;0;60935;59891;58375;56140;53432;0
105;BAAR N (AB);ZG;A 14;ADT;15701;18712;20936;21346;21796;0;0;22286;24642;23480;22369;19109;0
107;WUENNEWIL (AB);FR;A 12;ADT;0;0;0;0;25130;24554;27530;28335;27496;27781;25391;23977;0
110;SIMPLON, JOSEFGALERIE S;VS;A 9;ADT;1083;1637;1572;1797;2351;3003;4169;4445;3547;3084;2008;1771;2553
111;FRUTIGEN S, KANDERGRUND;BE;H 223;ADT;4982;6632;5439;5563;5426;6599;7425;8046;7079;6823;4673;5313;6165
114;BRUETTISELLEN N (AB);ZH;A 1;ADT;77620;86688;0;0;97374;106710;107019;108935;112784;110916;106820;97878;0
115;LUZERN, REUSSPORTTUNNEL (AB);LU;A 2;ADT;72787;81274;88131;91145;93271;99149;102619;107047;107848;103298;96420;89086;94400
116;GRANDVAUX N (AR);VD;A 9;ADT;55273;61854;63183;62089;61895;66800;67174;67794;68674;68030;66576;64030;64452
117;HUENENBERG S (AB);ZG;A 4;ADT;57671;65843;72279;75200;77251;82509;79683;83989;88680;84751;80572;71079;76658
118;BERN, FELSENAUVIADUKT (AB);BE;A 1;ADT;80866;89364;98133;101766;103252;110114;108833;113762;113779;111680;107980;100287;103377
119;ERLENBACH I.S.;BE;H 11;ADT;7320;8533;7650;7346;7440;8288;8447;8961;8657;8689;7291;7551;8011
121;COLOMBIER, AREUSE (AR);NE;A 5;ADT;29881;34231;36754;37811;37985;42279;37162;39090;41884;40010;41416;36477;37913
122;FRAUENFELD W, KEFIKON (AB);TG;A 7;ADT;0;0;0;32922;33747;37845;36908;36810;38818;37926;37639;33228;0
123;SCHAFFHAUSEN N (AB);SH;A 4;ADT;19372;21688;24907;24621;25964;29696;30354;30989;31033;29788;28494;26328;26963
124;MURI AG N;AG;H 25;ADT;10253;11123;12236;12273;12510;13406;11941;12573;13482;12903;12850;12053;12302
125;WUERENLINGEN;AG;H 5;ADT;10450;13636;13473;12905;13778;15088;14243;14523;15169;15037;14997;13581;13902
126;LUZERN, SONNENBERGTUNNEL (AB);LU;A 2;ADT;51076;58097;61923;64143;65982;70526;76725;78963;76787;71263;66850;61395;67022
127;ORBE N (AR);VD;A 9;ADT;12541;12396;13748;13228;14205;16794;16589;16497;17027;16716;16415;15066;15116
129;HAGENBUCH, STEGEN (AB);ZH;A 1;ADT;34595;39571;42253;44122;45070;49505;50305;51782;53534;53026;49397;45510;46585
131;TAMINS;GR;H 19;ADT;10758;13836;12451;11493;11357;12655;13271;14301;13132;12839;10514;12351;12407
132;PARDISLA, CHLUSTUNNEL;GR;A 28;ADT;12213;14987;15107;15086;14827;17276;17613;18467;18368;17761;15823;16691;16190
133;SCHULS W;GR;H 27;ADT;1636;2236;2106;2157;2247;3141;3907;4208;3549;3037;1992;2469;2728
135;ARBON, A1/ZUBRINGER TG;TG;A 23;ADT;15017;16896;18802;18969;19433;22077;20446;20792;21697;20235;19432;18166;19337
137;MONTE CENERI (AS);TI;A 2;ADT;30166;35667;38475;40364;44809;50167;59749;65246;61339;56383;46135;42835;47689
138;BRUSIO N;GR;H 29;ADT;1804;2245;2364;2559;2831;4463;5340;6653;5211;4743;3702;2986;3751
139;LUTERBACH (AB);SO;A 5;ADT;29903;33230;37283;38050;38309;40687;38156;39355;41470;40343;40487;36188;37800
140;KALLNACH S;BE;H 187;ADT;4335;5078;5552;0;0;0;0;0;0;0;0;0;0
145;AARBURG N;AG;H 2;ADT;0;0;0;0;0;0;0;0;0;0;0;22729;0
147;CONT. DE BULLE (AR);FR;A 12;ADT;29323;33049;34893;36270;36361;38708;41166;41340;42317;41796;37883;35619;37414
149;MEX (AR);VD;A 1;ADT;54024;59025;64703;65552;66690;0;0;0;75647;74033;0;0;0
150;GOTTHARDTUNNEL;UR;A 2;ADT;7920;10734;12332;15023;17859;18473;24740;27202;21342;20342;13902;13203;16971
155;GLETSCH N, GRIMSEL;VS;H 6;ADT;0;0;0;0;0;2130;2616;3140;2401;1254;0;0;2329
156;SEELISBERGTUNNEL (AB);UR;A 2;ADT;10549;14668;15454;17147;19428;22657;30095;32866;27227;23456;16877;15569;20542
157;ALVASCHEIN, SOLISTUNNEL;GR;H 417;ADT;4910;6743;5880;4545;4911;6062;6875;7290;6450;6313;4573;5932;5872
159;EMMENBRUECKE, RIFFIG (AB);LU;A 2;ADT;43008;47935;53216;55974;58087;63099;66837;0;0;59773;0;0;0
160;LA HEUTTE (AR);BE;A 16;ADT;15978;17712;19362;19862;20036;22061;19787;21027;22301;21582;21577;19152;20040
163;MUENCHENBUCHSEE N (AB);BE;A 6;ADT;25714;28785;32267;32428;32533;34916;32478;34099;35067;34347;34494;31398;32386
164;VISP W;VS;H 9;ADT;13549;17369;18156;18457;17864;19371;21330;22556;20309;19595;17709;16438;18564
165;MARTIGNY N (AR);VS;A 9;ADT;0;0;0;0;0;0;48854;51144;48524;48835;42338;40632;0
166;BIASCA S (AS);TI;A 2;ADT;17606;21886;23581;26411;30214;34163;43682;46698;39714;35680;25979;23955;30862
167;EBIKON, RATHAUSEN (AB);LU;A 14;ADT;57403;63537;69737;71839;72545;75378;73194;74438;79065;78157;76020;68938;71712
169;FLUELA, TSCHUGGEN;GR;H 28;ADT;707;0;0;0;1501;2605;3245;3220;3083;2435;736;470;2120
172;AIGLE, PONT GRANDE EAU;VD;H 11;ADT;6432;7508;6309;5964;5672;6319;6850;7459;6616;6277;5565;6023;6411
173;LES VERRIERES;NE;H 10;ADT;2749;2810;3053;2887;3037;4700;3408;3302;3760;3750;3710;3045;3351
174;COL DES ROCHES;NE;H 20;ADT;0;0;7970;7355;0;8795;8340;7759;8871;9227;8971;7671;0
175;CONT. DE FRIBOURG (AR);FR;A 12;ADT;29526;31852;35633;37150;37606;39647;41155;40618;42876;42369;39549;37005;37945
178;ANDELFINGEN, WEINLANDBR.;ZH;A 4;ADT;22918;26873;28461;29809;30218;33847;34222;35243;36278;34319;32490;29643;31208
179;SAIGNELEGIER W;JU;H 18;ADT;0;0;0;0;7643;0;0;0;0;0;0;0;0
180;THAYNGEN;SH;H 15;ADT;7214;8254;9574;9116;10691;14012;15567;15931;15183;15138;13162;12165;12192
181;FLURLINGEN S (AB);ZH;A 4;ADT;0;0;0;0;0;0;0;32496;32941;31280;28451;24939;0
184;BERN, BUEMPLIZ (AB);BE;A 12;ADT;35739;39417;43324;44599;44354;46981;46414;48169;48870;48523;47193;43252;44756
186;ST-GINGOLPH E;VS;H 21;ADT;7649;7152;8192;7662;8819;10269;10646;11449;11115;10835;10402;9592;9497
188;LA CURE;VD;H 123;ADT;3976;3773;4164;3946;4512;5311;5410;5282;5509;5472;5278;4800;4792
189;LE LOCLE E;NE;H 20;ADT;16225;18322;19345;19208;19055;22033;18301;18770;21702;20927;21540;18568;19492
190;NOIRAIGUE, CLUSETTE;NE;H 10;ADT;4678;5216;5367;5808;5918;6737;5961;6281;6643;6276;6172;5775;5903
191;GOLDAU S (AB);SZ;A 4;ADT;19729;0;0;0;0;0;0;0;0;0;0;0;0
194;URDORF (AB);ZH;A 3;ADT;68257;77371;80025;83008;84840;88494;87824;89189;90870;89280;86955;81883;84018
195;ERSTFELD S (AB);UR;A 2;ADT;12041;16876;17673;19849;23414;27371;34246;39409;32323;28080;18681;18292;24074
196;ANDERMATT, SCHOELLENEN;UR;A 2;ADT;3503;5417;4468;3664;4483;7485;9666;11504;9723;6466;3363;4467;6192
197;DALLENWIL;NW;H 374;ADT;7748;8738;7840;0;0;0;0;0;8702;8430;7618;8625;0
198;GOLDACH S (AB);SG;A 1;ADT;30929;35622;38702;38650;41425;47617;48873;50796;51997;50534;45587;42531;43645
199;MENDRISIO S (AS);TI;A 2;ADT;25253;29912;33747;0;41930;0;0;52528;54408;51127;46711;44318;0
200;GENEVE, BARDONNEX (AR);GE;A 1A;ADT;31699;28447;33166;29525;34052;42283;47012;45008;46069;46417;44640;42053;39270
201;SION E  (AR);VS;A 9;ADT;22017;25934;26810;27188;0;0;0;0;0;29587;27121;25292;0
203;ROVEREDO (AS);GR;A 13;ADT;6622;8186;8174;9253;11588;12477;17050;18202;15365;13294;8830;8486;11487
204;LAVORGO S (AS);TI;A 2;ADT;11867;15014;0;0;0;0;0;0;0;0;0;0;0
205;EMMENBRUECKE, GRUEBLISCH. (AB);LU;A 2;ADT;62987;69151;77937;80510;82577;88337;90783;94800;95264;90470;84926;77399;82994
206;YVERDON, EPENDES (AR);VD;A 1;ADT;41218;44678;49328;50930;51726;56563;56473;56724;59509;57963;56083;50945;52710
209;MARTIGNY, LE BROCARD;VS;H 21;ADT;11812;13895;13680;13681;13506;15073;17600;18279;16637;15868;13996;13809;14827
210;AUGST S, VERZW. A2/A3 (AB);BL;A 2;ADT;0;43919;47959;48172;52964;0;68498;0;0;0;0;0;0
211;LEISSIGEN (TUNNEL) (AS);BE;A 8;ADT;12918;15705;15794;17194;17048;18442;19407;21299;19928;18697;15356;15163;17253
212;VUE-DES-ALPES (TUNNEL);NE;H 20;ADT;18066;20849;22804;22796;22952;25586;20690;23094;25616;24948;25207;21969;22877
214;BERN, BRUENNENTUNNEL (AB);BE;A 1;ADT;26314;29362;33125;36084;36819;39939;42302;44331;42465;41081;38541;35857;37227
215;MUELLHEIM (AB);TG;A 7;ADT;10124;11301;12816;12924;14325;17133;17081;16762;18173;17647;17460;14839;15064
216;WANGEN SZ (AB);SZ;A 3;ADT;29109;39083;38766;39853;38705;44323;44886;45523;48192;47429;39973;40732;41381
217;MUENCHWILEN E (AB);TG;A 1;ADT;41009;46495;50676;52187;53558;58617;58046;60194;63139;61976;58679;54169;54929
218;CRESSIER (AR);NE;A 5;ADT;15939;17873;19538;20456;20784;23286;20799;21787;22945;21854;22242;19671;20602
221;ZUERICH BRUNAU (AB);ZH;A 3;ADT;47840;52467;58156;58275;58553;63494;60727;60992;65169;63934;64466;59799;59510
222;PAYERNE N (AR);FR;A 1;ADT;15147;16386;18628;20561;21139;22756;24866;25563;25124;24386;21674;20048;21385
224;GENÈVE, PLAN-LES-OUAT. (AR);GE;A 1A;ADT;34134;35863;41723;40804;45834;50446;40682;38900;44330;44930;46849;40443;42091
225;EGERKINGEN, VERZWEIGUNG A2 (AB);SO;A 2;ADT;43895;49104;53894;53892;57714;63927;71498;76463;71275;68724;62768;58916;61082
226;CRISSIER (AR);VD;A 1;ADT;88981;96495;104847;106351;107161;117086;0;114616;0;118568;0;107208;0
227;OFENPASS, BUFFALORA;GR;H 28;ADT;481;700;678;708;1088;1983;2224;2672;2395;2005;837;810;1391
228;ZIZERS (AB);GR;A 13;ADT;32678;41756;41779;39442;41386;46866;50583;54115;51608;48939;40659;42623;44388
229;OFTRINGEN E (AB);AG;A 1;ADT;55009;63046;69534;72940;72911;77712;75050;78084;81546;78526;76408;69426;72543
230;HASLE-RUEGSAU W;BE;H 23;ADT;12536;13742;15325;15421;15484;16242;15548;15936;16179;15705;16082;14756;15251
232;SAXON W (AR);VS;A 9;ADT;35087;41264;42707;44886;43510;0;0;0;0;0;0;37288;0
233;ST-URSANNE, TUN. TERRI (AR);JU;A 16;ADT;13185;14272;15832;15464;15423;0;0;0;0;17666;17760;16039;0
234;YVERDON, TUN. DE POMY (AR);VD;A 1;ADT;18184;19765;21584;23686;24199;26176;26140;28222;28778;27355;25305;23799;24454
235;PIETERLEN W (AB);BE;A 5;ADT;21141;23027;25807;27333;27304;28688;27376;28585;29696;28769;28321;25066;26771
238;ROTHENBRUNNEN S (AB);GR;A 13;ADT;11244;14669;14806;14917;17299;20160;24170;25770;23028;20256;14192;14253;17922
239;REIDEN S (AB);LU;A 2;ADT;35829;41343;45254;47802;49593;54328;59180;63208;59450;55250;49989;44559;50531
240;UMF. ZUERICH N, SEEBACH (AB);ZH;A 1C;ADT;86402;95039;103886;106259;104018;111856;0;112970;0;116529;114045;107660;0
241;OPFIKON (AB);ZH;A 11;ADT;66764;72878;79108;80353;82670;90411;93007;91832;97394;97530;95407;87991;86338
242;HEGNAU W (AB);ZH;A 15;ADT;47986;52808;58922;59438;58148;63959;60670;58914;64831;0;0;0;0
243;ST. GALLEN E, BERGBACHVIADUKT (AB);SG;A 1;ADT;45951;51732;57385;57753;59546;67081;65392;67533;70101;66973;63883;59707;61124
244;REINACH BL (AB);BL;A 18;ADT;41773;44127;49463;49130;48773;53698;48318;50148;54372;52589;53940;49159;49635
245;SARGANS A3 (AB);SG;A 3;ADT;36625;45750;46210;43791;44358;49220;51188;52653;52375;52065;44592;47257;47182
246;KREUZLINGEN, GIRSBAERGTUNNEL N (AB);TG;A 7;ADT;5768;6540;7491;7524;9223;11487;11928;11461;12347;12312;11746;10003;9836
247;ONNENS VD (AR);VD;A 5;ADT;14780;0;0;18882;18968;0;0;0;21144;20902;20584;18191;0
248;RHEINFELDEN, AUTOBAHNZUBRINGER A3;AG;A 3;ADT;15818;17583;20559;20247;21135;28296;28842;28691;29905;30135;29059;25199;24656
249;COPPET W (AR);VD;A 1;ADT;58518;58435;63786;65231;67258;75915;78391;79049;0;0;0;0;0
250;AIGLE E (AR);VD;A 9;ADT;40958;47728;47766;48078;46600;49526;54629;56100;53450;53457;47755;47365;49462
251;ERSTFELD N (AB);UR;A 2;ADT;12244;16847;17901;20161;23730;27396;35370;39729;32524;28181;18923;18111;24315
253;GAMSEN (TUNNEL) (AB);VS;A 9;ADT;14035;16208;17643;17835;17855;19486;20867;21693;20978;20045;18639;17215;18553
255;ZWEILUETSCHINEN N;BE;H 221;ADT;0;0;7558;7458;6915;8206;9392;11403;9414;8646;5907;7622;0
258;JULIER, LA VEDUTA;GR;H 3;ADT;2707;4212;3882;3168;2614;3412;4174;4432;3637;3273;2421;3436;3444
260;FURKAPASS, TIEFENBACH;UR;H 19;ADT;0;0;0;0;0;2318;2363;3011;2244;1141;0;0;2226
261;OBERALPPASS W;UR;H 19;ADT;0;0;0;749;1215;1930;2379;2870;2345;1414;439;0;1814
262;SUSTENPASS, MEIEN;UR;H 11;ADT;141;166;160;228;246;749;1947;2291;2033;991;152;129;776
264;KLAUSENPASS W;UR;H 17;ADT;0;0;0;0;0;2120;1926;2106;1998;1382;381;0;1893
265;MOLENO N (AB);TI;A 2;ADT;17528;21793;23411;26344;30115;34146;43160;46423;39488;35589;25903;24049;30726
268;ST. MAURICE (AB);VS;A 9;ADT;35350;42252;41707;42148;41124;43350;48649;50423;47413;48355;42126;40777;43649
269;SIERRE W (AB);VS;A 9;ADT;10209;13144;13626;14044;13209;13944;16311;17530;15449;14850;12744;12223;13946
271;MURI BE N (AB);BE;A 6;ADT;60035;67738;71584;71965;72245;0;0;0;0;0;0;0;0
272;GENEVE, PONT DU RHONE (AR);GE;A 1;ADT;54855;54536;62227;59867;63711;74605;75026;72805;75618;76083;75819;68672;67888
274;WUERENLOS (AB) - AG1401;AG;A 1;ADT;91111;102548;114169;117908;118829;125415;123854;126011;129901;129944;124607;118231;118611
275;FRAUENFELD OST  (AB);TG;A 7;ADT;21842;24649;28052;28329;29456;33483;32063;32326;35221;33501;33633;29282;30171
279;ENNEY N, SAUSSIVUE;FR;H 190;ADT;9245;10581;10669;10799;10968;11969;11905;11495;12475;11620;10665;9838;11018
280;SCHAFISHEIM (AB) - AG1410;AG;A 1;ADT;64549;73105;0;79621;0;0;0;86929;89972;88349;87689;80414;0
282;ST. JOSEFEN (AB), SITTERVIADUKT;SG;A 1;ADT;54320;59961;68715;68406;69664;76147;72214;73709;78999;77666;75053;69214;70377
283;BASEL - ST. JOHANN, TUNNEL E (AB);BS;A 3;ADT;36202;36466;40232;38344;40452;46517;50426;54400;53278;52757;50845;47718;45694
285;BERN, FORSTHAUS (AB);BE;A 1;ADT;82768;91984;101029;104834;105565;112645;109710;114939;114332;112425;109710;101168;105142
286;WALLISELLEN (AB);ZH;A 1;ADT;104291;114315;124949;127048;128189;140045;137986;138931;145129;143448;138847;124548;130700
288;NIEDERBIPP (AB);BE;A 1;ADT;63995;72940;78912;83231;84720;89767;91693;95004;94316;92756;87629;81592;84766
289;CAMIGNOLO (AS);TI;A 2;ADT;35394;41486;44932;47262;51911;57578;68783;71051;67223;61903;51178;47006;53888
290;OFTRINGEN / ROTHRIST (AB) - AG1412;AG;A 1;ADT;74494;86492;94658;100617;102079;109996;113571;120734;118945;112541;105397;95452;102986
291;RENENS (AR);VD;A 1;ADT;80979;86196;96578;98155;99281;109244;108520;106688;112520;110375;108949;98420;101385
292;MADISWIL N;BE;H 244;ADT;7037;7743;8810;8587;8739;9398;8533;8702;8631;8717;9000;8194;8510
294;KUETTIGEN N;AG;H 24;ADT;7272;7799;8912;9076;9619;10580;9616;10154;10846;10440;10300;8969;9471
296;HORW, SCHLUNDTUNNEL (AB);LU;A 2;ADT;48592;56112;59433;61371;62824;68453;75043;78502;75546;71919;63697;59427;65126
297;BIRSFELDEN ZUBRINGER A2 - BL1101;BL;A 2;ADT;8930;10018;10933;10619;10711;12463;11281;11958;13389;0;0;0;0
298;OTHMARSINGEN (AB);AG;A 1;ADT;62770;71430;79231;82767;83168;88874;0;0;92893;90651;0;79416;0
299;WOLLERAU, BLATTTUNNEL (AB);SZ;A 3;ADT;41431;49969;51006;51379;51281;55887;55898;56389;59299;58154;52954;51001;52889
300;ETOY (AR);VD;A 1;ADT;58722;60579;69713;0;0;79940;81369;81020;0;0;81487;73578;0
302;ARBON, A1/ZUBRINGER SG;SG;A 23;ADT;22574;25850;28417;28701;29086;32551;29344;31159;33135;30622;30198;27908;29134
304;EICH (AB);LU;A 2;ADT;0;0;0;0;0;0;0;65531;64891;61372;55728;49304;0
305;BRUEGG (AB);BE;A 6;ADT;22661;25186;28119;28498;28287;30085;28592;30272;31518;30932;31177;27884;28610
306;VILLARS-SUR-GLÂNE (AR);FR;A 12;ADT;36404;39097;42329;43920;44200;47655;49530;47718;51563;50508;47760;44676;45474
307;OBERFAHR (AB);SG;A 13;ADT;25010;29614;31462;30858;32398;37134;37100;38977;41270;39450;35494;33500;34374
308;LACHEN (AB);SZ;A 3;ADT;0;0;0;53007;53235;57956;57851;58270;61130;60496;54405;53513;0
309;SPIEZ (AB);BE;A 6;ADT;27301;32171;31611;32244;31653;34565;35385;38700;37330;35677;30801;31146;33218
310;SENNWALD (AB);SG;A 13;ADT;28129;31154;33277;32221;34213;39506;40821;43625;44835;42103;36292;34098;36718
311;STEINHAUSEN W (AB);ZG;A 14;ADT;49137;53853;61552;61712;62438;66822;61863;64484;70739;67586;68547;59546;62376
313;ARDON (AR);VS;A 9;ADT;36222;42285;41575;38255;36950;38451;42893;47651;47918;48245;44360;42020;42235
314;REICHENBURG (AB);SG;A 3;ADT;38957;49388;47533;45825;46094;51193;52581;54243;55409;55031;45772;48110;49172
317;BENKEN ANSCHLUSS (AB);ZH;A 4;ADT;21491;24633;26952;27650;28106;31551;0;0;0;0;0;0;0
318;MELS N (AB);SG;A 3;ADT;30091;38705;36785;35258;35765;40323;43340;44523;43467;43462;35270;38564;38799
319;BUONAS (AB);ZG;A 4;ADT;27786;31573;34210;35952;37249;40082;38678;41142;41987;40334;36742;33089;36586
320;CHUR NORD (AB);GR;A 13;ADT;35904;45247;45708;43170;45121;50563;53460;57031;54710;52105;43781;45727;47727
321;BASEL, ANSCHLUSS WIESE,  A3 (AB);BS;A 3;ADT;45430;46065;50352;45648;47988;54182;57364;61868;61499;60808;59316;55304;53868
322;ZILLIS (AS);GR;A 13;ADT;4145;5770;6139;7133;9823;11236;15448;16992;13946;11646;6487;6029;9596
323;MURTEN (AB);FR;A 1;ADT;12479;13846;15419;18226;18742;20085;22613;23260;22464;21686;18634;17204;18749
324;CHATEL-ST-DENIS N (AR);FR;A 12;ADT;0;0;0;0;0;0;0;0;37200;37140;33451;31641;0
325;DUEDINGEN S (AB);FR;A 12;ADT;21140;23404;25723;27446;27934;29010;31064;32005;31813;31906;29012;27120;28157
326;FLAMATT E (AB);FR;A 12;ADT;29350;32055;34975;36446;36519;38730;39760;40977;41189;41083;38974;36505;37238
328;ESTAVAYER-LE-LAC E (AR);FR;A 1;ADT;19539;21276;23432;25682;26380;28488;28457;30212;30849;29768;27413;25231;26417
329;MURTEN, LOEWENBERG (AB);FR;A 1;ADT;17164;19202;21680;25276;25903;27793;30429;31627;30267;28675;25160;22855;25537
331;CHATEL ST. DENIS (AR);VD;A 12;ADT;29120;32091;33124;34574;34291;36867;38713;39909;39330;39393;36458;34741;35735
333;BAVOIS (AR);VD;A 1;ADT;45965;49702;54696;56014;56955;62106;63001;63585;66029;64430;62460;56555;58495
353;WORB W;BE;H 10;ADT;10454;11504;12974;12987;13050;13819;12320;12960;13239;13047;13527;12282;12682
354;SAANENMOESER;BE;H 11;ADT;3950;4677;4259;4024;4152;4841;4999;5302;5009;4563;3888;4283;4495
357;SCHWARZENBURG E;BE;H 183;ADT;3249;3656;3984;4257;4367;4662;4451;4731;4655;4432;4200;3621;4190
359;LA CIBOURG;BE;H 18;ADT;7743;8963;0;0;0;0;10393;0;0;0;0;0;0
361;KIRCHBERG S;BE;H 23;ADT;14195;15516;17070;16776;16829;18158;16328;17010;17776;17609;18282;16446;16834
363;AARWANGEN, SCHUERHOF;BE;H 244;ADT;9448;10619;11886;11942;12050;13051;11894;12052;12464;12158;12329;10693;11717
364;SUMISWALD, GAMMENTHAL;BE;H 23;ADT;4045;4575;5119;5425;5559;5839;5757;5909;6080;5882;5733;4982;5412
365;CORGEMONT W;BE;H 30;ADT;5626;6232;6708;6689;6666;7370;0;0;0;0;0;0;0
368;BERN, ZUBRINGER NEUFELD (TUNNEL);BE;A 1;ADT;15442;16471;18865;18744;19217;20834;18833;20082;20807;20824;22394;20312;19412
370;CHEXBRES E (AR);VD;A 9;ADT;54788;61673;0;0;0;0;0;0;0;0;0;0;0
373;KLOSTERS, MEZZASELVA - GR241;GR;A 28;ADT;8284;11143;9463;8381;7792;9932;11132;11425;11027;10612;8779;10887;9899
385;ALTDORF;UR;H 2;ADT;8985;9806;10594;10783;10823;11547;10823;11119;11723;11507;11230;10459;10785
391;MOUDON S;VD;H 1;ADT;10979;12255;13364;13389;13520;14583;0;0;0;0;0;0;0
392;PLAUN DA LEJ;GR;H 3b;ADT;0;0;0;0;0;0;0;0;5010;0;3169;4108;0
394;GLARUS N;GL;H 17;ADT;16930;19184;20302;20290;21609;23972;20870;21868;23459;22459;21247;19763;20997
395;GSTAAD S;BE;H 142;ADT;3334;4088;3826;3996;3912;4631;4690;5406;4708;4037;3930;4035;4216
396;REICHENBACH S;BE;H 223;ADT;13123;16112;14958;14483;13965;15267;16014;17299;16216;16101;13863;14747;15174
397;CHARMEY;FR;H 189;ADT;5452;5969;5460;5504;5914;6866;7283;7273;7219;7145;5931;5842;6324
398;ROUGEMONT W;VD;H 11;ADT;3499;4136;3592;3386;3332;3761;3990;4487;3838;3545;3134;3765;3704
399;ROSÉ;FR;H 181;ADT;13683;14535;16530;16678;16604;17864;16750;15671;18043;16978;17223;15742;16361
501;SUGIEZ, LE PÉAGE N;FR;H 10;ADT;9004;10218;11487;12652;12826;13486;13034;13381;13795;13111;12261;10605;12161
502;OBERURNEN, ZUBRINGER GLARNERLAND (AB);GL;A 17;ADT;12369;14605;15605;15752;15825;17901;16217;16316;18170;17377;16333;14881;15945
504;NYON, CRASSIER (AR);VD;A 1;ADT;59179;59493;65588;67578;69227;76620;79666;0;0;82033;79857;72627;0
505;GLAND, DUILLIER (AR);VD;A 1;ADT;57226;59638;63918;65783;67600;0;0;0;0;0;77228;70103;0
506;SOLDUNO N;TI;H 407;ADT;8948;10746;12050;13377;13832;14790;15051;0;0;0;0;0;0
509;ROLLE N (AR);VD;A 1;ADT;55963;61419;64287;66072;68047;76856;77005;77358;79458;78661;77571;70194;71111
510;QUARTINO;TI;H 13;ADT;20167;22854;26059;27096;27742;28813;29430;29461;29180;27887;24694;23094;26390
511;MORGES CENTRE (AR);VD;A 1;ADT;60028;0;70628;72411;73928;80651;0;0;0;0;0;0;0
512;DERENDINGEN (AB);SO;A 1;ADT;49763;56023;60655;63478;64063;68284;72142;74520;73103;72544;68270;64000;65619
513;WANGEN A. A. (AB);BE;A 1;ADT;65876;75207;81272;85508;87051;92350;93992;97337;96598;94872;89967;83515;87013
517;GOSSAU, OBERBERG (AB);SG;A 1;ADT;43543;49061;54268;54760;56576;63150;60833;61946;65876;64039;60916;55481;57567
518;ZUERICH HARDTURM (AB);ZH;A 1H;ADT;23489;26338;29366;30093;0;0;0;31030;33553;32906;32241;29353;0
521;CAVIANO DOGANA DIRINELLA;TI;H 405;ADT;1986;2624;3064;0;3286;4289;5042;4733;4928;4576;0;0;0
523;MUENSINGEN (AB);BE;A 6;ADT;41350;47659;47892;48780;48264;51957;50640;54804;53905;52281;48365;46318;49350
524;OLIVONE - LUCOMAGNO;TI;H 416;ADT;1678;1642;1269;1471;2029;2440;2946;3582;2535;1981;1315;1331;2022
525;TENERO;TI;A 13;ADT;25025;29046;33876;36586;37329;38605;39363;38347;39841;38265;33302;31027;35078
526;INTRAGNA-CENTOVALLI;TI;H 560;ADT;1850;2430;2733;3118;3093;3190;3533;3487;3448;3167;2756;2437;2939
527;GONDO - VS40001;VS;A 9;ADT;691;1062;1174;1363;1916;2566;3715;4067;3186;2772;1894;1620;2177
528;GURTNELLEN (AB);UR;A 2;ADT;11649;16095;16920;18826;22111;26002;31869;37123;30567;26759;17746;17503;22813
529;WASSEN (AB);UR;A 2;ADT;11593;15767;16545;18346;21505;24840;30107;34884;28792;25458;17313;17115;21900
533;HENGGART (AB) - ZH0497;ZH;A 4;ADT;24260;28110;30152;32134;31961;36391;36970;37461;37478;35752;34065;31161;33009
534;LAUSANNE BLECHERETTE (AR);VD;A 9;ADT;0;0;85464;85924;85760;93714;89214;89268;94089;92777;93072;84744;0
535;LAUSANNE, BELMONT (AR);VD;A 9;ADT;0;0;67168;66820;66762;72248;70932;72110;73807;72944;72084;67568;0
537;VEVEY (AR);VD;A 9;ADT;0;0;70994;72063;70737;76194;78938;80738;0;78700;74501;73273;0
538;MONTREUX (AR);VD;A 9;ADT;0;0;68063;68484;68016;72852;75739;77633;76504;75678;71449;70032;0
539;HINTERRHEIN (AB) TUNNEL CASSANAWALD;GR;A 13;ADT;2760;4004;4086;5070;7246;8037;12382;13800;10911;8861;4284;4273;7169
540;WELSCHENROHR W;SO;H 30;ADT;1575;1862;2007;2600;2583;2722;2728;2748;2757;2629;2107;1824;2347
541;GISIKON (AB);ZG;A 14;ADT;47713;54563;58834;60806;61240;64447;63058;64429;68920;67198;64713;57134;61102
546;SPREITENBACH O (AB);AG;A 1;ADT;79484;88479;94068;97457;97248;102957;0;0;0;0;0;0;0
547;ASCONA GALLERIA;TI;H 13;ADT;0;0;0;0;0;0;0;0;0;0;0;9779;0
548;DEVELIER (AR);JU;A 16;ADT;16374;17487;19573;19129;19441;21144;18509;19672;22555;21384;21628;19787;19727
549;BARGEN N, ZOLL (AB);SH;A 4;ADT;1440;1709;1911;1962;2347;3017;3334;3402;3447;3150;2812;2262;2571
565;AESCHERTUNNEL (AB) - ZH1201;ZH;A 3;ADT;66139;75958;78540;81775;83034;88411;87020;88891;92389;90831;87082;81260;83462
572;ISLISBERGTUNNEL MITTE (AB) - ZH2102;ZH;A 4;ADT;44300;50180;54041;56625;58289;62509;61338;63659;66279;64239;62039;55408;58269
577;UETLIBERGTUNNEL MITTE (AB) - ZH1207;ZH;A 3;ADT;54914;62171;66428;67469;67881;73527;71650;71985;76673;74481;72814;67837;69002
581;WOLLISHOFEN, ENTLISBERG (AB) - ZH1213;ZH;A 3;ADT;55284;62533;65625;65655;65532;70853;69439;68689;73449;71580;69077;66013;66984
582;ANDERMATT, OBERALPSTRASSE - UR9004;UR;H 19;ADT;1398;1833;1641;2673;3250;3381;3890;4486;3948;2843;1728;1871;2751
584;HOSPENTAL, FURKASTRASSE - UR9301;UR;H 19;ADT;1182;2011;1664;1531;1547;2622;3525;4297;3514;2377;1210;1575;2257
587;KREUZLINGEN, HAUPTZOLLAMT;TG;A 7;ADT;6565;7271;8579;8432;12044;15542;16811;15830;16755;16807;15535;13840;12866
588;SCHMERIKON (AB);SG;A 15;ADT;22605;27933;28877;28986;29117;31238;30207;31117;33957;32713;29853;28045;29552
591;ALTDORF, SCHMIEDGASSE - UR6018;UR;H 2;ADT;10539;11703;12256;12436;12491;13750;12957;13450;13721;13178;12499;11332;12526
593;UFFIKON (AB);LU;A 2;ADT;32207;37021;40887;43547;45505;50092;55611;59686;0;0;0;0;0
598;MEGGENHUS, VERZWEIGUNG (AB);SG;A 23;ADT;32348;36785;40638;41074;41326;45526;42731;43733;46938;43455;42920;39783;41447
599;BURIET, RUDERBACH (AB);SG;A1;ADT;31097;35909;38694;39114;41334;47529;49277;51138;52517;50937;45695;42647;43863
600;AU, LEHNENVIADUKT (AB);SG;A 13;ADT;30591;35549;38216;30812;0;0;0;0;0;49956;45148;42170;0
601;ST.GALLEN, SCHORENTUNNEL;SG;A 1;ADT;26827;29826;33497;32685;33720;37094;32254;33985;37825;35617;37256;33576;33684
602;ST. GALLEN, HARZBUECHEL;SG;A 1;ADT;0;0;0;63680;65613;73003;70523;73154;75716;71910;68063;64954;0
603;WALENSTADT, TSCHERLACH (AB);SG;A 3;ADT;24950;32871;30099;27840;27876;31316;34397;35937;34512;35505;27327;31540;31177
604;SEVELEN, RASTPLATZ (AB);SG;A 13;ADT;31917;38600;41943;41327;43810;50524;50848;54332;56106;52476;46440;43371;46006
605;ST.GALLEN, ANSCHL. BREITFELD;SG;A 1;ADT;23699;25608;29693;29104;29336;32153;29390;30575;32709;32295;32493;29417;29719
607;THALWIL (AB) - ZH104;ZH;A 3;ADT;46216;53003;54305;54108;54184;59215;58100;58415;0;0;0;0;0
608;COL DES MOSSES;VD;H 11;ADT;2160;2633;2056;1923;2015;2303;2575;2874;2421;2189;1633;1844;2217
609;HENDSCHIKEN;AG;H 25;ADT;14904;16700;18373;18382;18345;21124;18754;20243;21717;20868;21414;19790;19223
610;CHUR, OBERE AU (AB) - GR253;GR;A 13;ADT;29198;37522;37229;34768;36379;0;0;0;0;0;0;0;0
611;ROTHENBRUNNEN, ISLA BELLA TUNNEL (AB) - GR305;GR;A 13;ADT;11965;15719;15818;15905;18254;20718;23969;0;0;0;0;0;0
612;BRUGG W, UNTERFUEHRUNG - AG1533;AG;H 5;ADT;8740;9845;11134;10952;11038;12118;10704;11314;11369;8684;11612;10294;10647
617;CONT. BULLE;FR;H 189;ADT;19393;21417;22291;22562;22626;25018;24971;23754;25979;24923;23438;21574;23165
618;BLEGI N (AB);ZG;A 4;ADT;39875;45346;49168;52020;53537;57488;56602;59653;61587;59435;56801;50199;53504
625;STEINHAUSEN E (AB);ZG;A 14;ADT;36741;40767;46115;46268;47015;50725;47549;49905;54285;51843;52093;45361;47405
627;FONTANA, VALLE BEDRETTO - TI0917;TI;H 413;ADT;500;536;431;353;406;1362;2305;2911;2057;1211;305;326;1063
628;MARTIGNY-CROIX W, FORCLAZ - VS00134021;VS;H 203;ADT;1994;2095;2371;0;0;3411;4222;5214;4016;3562;2646;2223;0
630;CALFREISEN - GR211;GR;H 566;ADT;1977;2649;2330;1872;1699;2191;2538;2690;2494;2297;1762;2444;2244
631;MALIX N;GR;H 3a;ADT;6191;0;0;0;0;0;0;0;0;0;0;0;0
632;DAVOS N, LARET - GR0237;GR;H 28;ADT;5195;6952;5942;5209;5149;7269;8248;8478;8197;7606;6137;7218;6800
633;WIESEN E - GR0239;GR;H 417;ADT;1062;1413;1295;1297;1338;1748;1837;1986;1827;1554;1195;1354;1492
634;BERNINA, BARACON - GR0248;GR;H 29;ADT;906;1348;1341;1400;1549;2759;3556;4130;3543;2810;1744;1349;2208
635;TAVETSCH, CRESTAS-TUNNEL -  GR0306;GR;H 19;ADT;1098;1608;1358;1323;2038;2787;3404;3819;3158;2321;1293;1376;2136
636;ZERNEZ N, PRASCHITSCH - GR336;GR;H 27;ADT;1767;2153;2069;2004;2694;4196;5152;5287;4656;4130;2279;2706;3267
641;ATTIKON (AB);ZH;A 1;ADT;30829;35284;37413;39238;40125;43784;44920;46275;47688;47216;43666;40470;41435
642;SACHSELN, ZOLLHAUS KANTONSSTRASSE;OW; ;ADT;2402;2815;2976;3225;3922;3773;3714;3658;4448;3408;2915;2540;3317
643;SACHSELN, ZOLLHAUS N;OW;A 8;ADT;7882;9914;9730;10902;10547;12336;12584;13918;12408;12284;9450;9084;10924
649;SORENS (AR);FR;A 12;ADT;0;0;34348;35782;35880;38491;40732;39933;42258;41734;38660;36120;0
656;SPIRINGEN - UR6301;UR;H 17;ADT;1933;2120;2045;2180;2351;3578;3206;3439;3469;2998;2243;2118;2642
657;BUERGLEN - UR6303;UR;H 2;ADT;10311;11378;12311;12363;12266;12940;0;0;0;0;0;0;0
658;CONTHEY (AR);VS;A 9;ADT;35993;42108;42855;42233;40821;42193;44599;46880;47418;47229;44142;42519;43250
668;MONTHEY - VS164002;VS;H 201;ADT;10568;11639;11184;10742;10552;11268;11890;12405;11899;11440;10827;11278;11306
671;VAUMARCUS (AR);NE;A 5;ADT;14308;15944;17314;18068;18365;19594;19177;19611;20580;20021;19715;17494;18357
672;GORGIER (AR);NE;A 5;ADT;0;0;0;21453;21729;22567;22147;23117;24474;23697;23572;20725;0
673;BEVAIX (AR);NE;A 5;ADT;19633;22896;24753;25764;25856;28417;26241;27043;28598;27633;27780;24451;25758
674;BOUDRY (AR);NE;A 5;ADT;24155;28020;30164;31213;31188;34820;31021;32511;34620;33329;33976;29723;31228
675;NEUCHÂTEL-OUEST TUNNEL (AR);NE;A 5;ADT;21153;23716;25840;26627;26714;29638;25985;27657;29812;28431;29454;25822;26739
676;HAUTERIVE (AR);NE;A 5;ADT;28670;31061;34840;36282;36153;39228;35834;37127;39787;38599;39604;36048;36115
677;VALANGIN;NE;A 20;ADT;27159;30253;32204;32825;32911;37133;31496;33650;36510;34859;35868;32130;33079
683;LOCARNO, TUNNEL MAPPO MORETTINA;TI;H 13;ADT;17386;20454;23741;25906;26517;27916;28990;28157;29108;27282;23822;22037;25130
685;ALTDORF KLAUSENSTRASSE - UR6017;UR;H 17;ADT;6343;7047;7225;7354;7354;8628;7680;8223;8618;8181;7799;7359;7651
686;ADLIKON (AB) - ZH4889;ZH;A 4;ADT;21428;24871;26516;28881;29004;32651;33481;34252;33626;31919;30247;27769;29572
687;ALTDORF GOTTHARDSTRASSE - UR6014;UR;H 2;ADT;11951;13191;14055;14196;14235;15744;14338;14968;15785;15140;14312;13642;14298
690;FLUEELEN (AB);UR;A 4;ADT;10611;13354;14360;15489;17040;18937;18704;21052;19964;18626;14844;13796;16413
691;LYSS;BE;A 6;ADT;19942;22442;25060;25667;25713;27497;26246;27007;27859;26967;27099;23991;25465
692;GLARUS S;GL;H 17;ADT;8741;10134;9991;9694;9971;11889;10485;10993;11786;11103;10019;9760;10377
693;NAEFELS N;GL;H 17;ADT;0;0;0;0;0;11103;9614;9898;10838;10239;10015;9410;0
694;ROOT (AB);LU;A 14;ADT;0;0;56896;0;0;0;0;0;0;0;0;0;0
696;BUETZBERG;BE;H 1;ADT;8020;8638;9771;10129;10124;10921;10866;9994;10302;9934;10048;9405;9850
697;CHAM N (AB);ZG;A 4;ADT;65170;73745;81569;84275;86622;92585;88600;93409;99180;94884;91625;80916;86085
708;KUEBLIS;GR;A 28;ADT;9099;12069;10613;9684;9159;11190;12221;12555;12228;11896;10094;11761;11042
720;SCHWYZ (AB);SZ;A 4;ADT;0;0;0;0;21524;23931;23211;25193;24796;23498;19995;18294;0
723;OENSINGEN, AEUSSERE KLUS;SO;H 30;ADT;15809;17743;19330;20039;20126;21541;19749;20315;21847;20716;20589;18893;19727
724;SCHOENENWERD;SO;H 5;ADT;13059;14684;16625;16653;16592;17290;15240;15748;17077;16152;16223;15498;15904
725;KLEINANDELFINGEN N (AB);ZH;A 4;ADT;22187;25935;27840;28598;29190;32717;33563;34889;35248;33831;32028;28703;30412
726;ECUVILLENS (AR);FR;A 12;ADT;0;0;37854;39236;38844;42309;43953;43208;46031;45172;41714;39520;0
727;VERZWEIGUNG RUETIHOF (AB);ZG;A 4;ADT;36221;40404;45018;46720;48137;51710;49315;51077;54432;51612;48424;42753;47173
728;SEUZACH (AB);ZH;A 1;ADT;0;0;61270;62959;0;0;0;0;0;0;0;0;0
729;GALLERIA VEDEGGIO-CASSARATE;TI;H 399;ADT;18362;20765;22176;22412;22815;24186;23799;22674;25585;25057;24959;23734;23049
733;BRIENZWILER, WILERBRUECKE E;BE;H 6;ADT;3222;3853;4012;5279;6680;6215;7056;8091;7031;5729;3998;3733;5419
734;INNERTKIRCHEN E, SUSTEN;BE;H 11;ADT;807;1003;976;1017;1031;1840;3004;3442;3070;0;0;0;0
735;ZWEILUETSCHINEN E;BE;H 221;ADT;4750;6025;4995;4648;4152;4831;5732;6996;5815;5348;3576;5059;5158
739;TURTMANN (AB);VS;A 9;ADT;7266;9367;9935;10385;10092;10978;12792;13811;11844;11711;9977;9138;10616
746;SEFTIGEN, BURGIWIL N;BE;H 221;ADT;3835;4353;4772;4781;3829;0;0;0;0;5369;4994;4507;0
747;FRUTIGEN S;BE;H 223.1;ADT;4780;5834;4864;4237;3755;4221;4499;4753;4467;4607;3865;5034;4570
748;WEISSENBACH;BE;H 11;ADT;5608;6745;5771;5471;5510;6087;6436;6814;6456;6364;5070;5754;6004
749;CHAMPFER S;GR;H 27;ADT;8026;10899;10298;8461;6383;9516;12145;13636;10283;9493;7133;11194;9790
757;MITTALTUNNEL;VS;H 509;ADT;2748;4260;3846;3689;3648;3867;4737;4923;4332;4376;3231;3481;3927
759;NAENIKON;ZH;A 15;ADT;0;0;0;0;0;0;0;0;0;0;52671;50170;0
760;USTER O;ZH;A 15;ADT;0;0;0;0;0;0;0;0;0;0;30887;28609;0
761;HINWIL N;ZH;H 340;ADT;0;0;0;0;0;0;0;0;0;18053;17373;17259;0
763;HINWIL S;ZH;A 15;ADT;0;0;0;0;0;0;0;0;0;37892;36369;33750;0
764;HIRZEL;ZH;H 338;ADT;0;0;0;0;0;0;0;0;0;18754;17006;15276;0
765;ST.GALLEN, WINKELN ALTER ZOLL - SG51;SG;H 8;ADT;12246;13201;14920;14767;15004;16485;15124;15829;17218;16629;16642;14797;15244
766;JONA;SG;A 15;ADT;0;0;0;0;0;0;0;0;0;25012;22976;21840;0
769;HERBLINGEN;SH;A 4;ADT;0;0;0;0;0;0;0;0;0;20050;18019;16780;0
771;TUNNEL EGGFLUE;BL;A 18;ADT;15868;16898;18452;18682;18607;20202;18132;18527;19639;19314;19445;18091;18490
775;LAUSEN;BL;A 22;ADT;16871;17961;20322;20796;20721;22783;19386;20348;22134;20804;22413;19486;20336
785;ESCHIKOFEN;TG;A 23;ADT;0;0;0;0;0;0;0;0;0;14631;15074;13657;0
789;WEINFELDEN;TG;H 14;ADT;0;0;0;0;0;0;0;0;0;20428;21261;19581;0
796;VEZIA W;TI; ;ADT;13457;15121;16776;17070;16595;16653;18019;15511;18669;18482;18352;17278;16837
799;SERRIÈRES, TUNNEL (AR);NE;A 5;ADT;27152;30689;33117;34357;35028;38875;34129;36004;38444;36771;38171;33917;34724
800;NEU-BOIS, TUNNEL (AR);JU;A 16;ADT;5216;5334;5845;5572;5688;6604;6237;6214;7583;7407;7315;6548;6300
803;BASEL - ST.JOHANN, TUNNEL W (AB);BS;A 3;ADT;21494;20572;22822;21299;23297;27620;33701;36528;34146;33966;31472;30050;28136
814;MARIN EST (AB);NE;A 5;ADT;29218;32438;35952;37783;38208;41846;37842;39119;41518;39868;40153;35824;37491
815;MARIN OUEST (AB);NE;A 5;ADT;31940;34708;39098;40811;40662;44503;40201;41796;44730;43065;43984;39966;40469
816;SISSACH (AB);BL;A 2;ADT;35100;38615;41932;42580;46924;52905;62397;67922;62101;0;53489;0;0
817;EFFINGEN (AB);AG;A 3;ADT;24392;27215;29686;30410;32423;36341;37308;38441;39698;40135;36801;34054;33943
818;SOLOTHURN (AB);SO;A 5;ADT;37279;40950;46012;46673;46939;49776;46041;48061;51101;49313;49755;44795;46404
819;LENGNAU (AB);BE;A 5;ADT;20280;22354;24795;26395;26561;28372;26771;27862;28757;27968;27114;23836;25933
827;BUCHS (AB);SG;A 13;ADT;28741;34564;37491;36823;39326;45477;46388;49929;51344;48371;41879;39615;41696
828;TRUEBBACH N (AB);SG;A 13;ADT;27549;33796;36617;36228;38705;44811;45751;49254;50130;46783;40510;38134;40721
829;BILTEN (AB);GL;A 3;ADT;37987;48317;46025;44175;44356;49446;50941;52694;53443;53161;43780;46454;47557
830;NIEDERURNEN (AB);GL;A 3;ADT;29671;38442;35564;33402;33648;37317;39537;41872;40853;41365;32733;36701;36752
833;BUETTENBERGTUNNEL (AB);BE;A 5;ADT;24156;26209;28383;29001;28126;30346;30395;31808;33241;32508;32658;28551;29624
834;LAENGHOLZTUNNEL (AB);BE;A 5;ADT;28926;31011;34509;35384;34788;35363;34695;36681;38395;37445;38142;33891;34947
839;STANS NORD (AB);NW;A 2;ADT;27769;33188;34662;36171;37810;42081;48958;51263;47127;43160;36731;34572;39497
840;BUOCHS WEST (AB);NW;A 2;ADT;15418;19955;20816;22330;24788;28381;35866;38484;33234;28953;22360;20790;25990
841;BUOCHS OST (AB);NW;A 2;ADT;12880;17279;18001;19597;21986;25260;32931;35576;30199;26230;19661;18198;23192
845;BAHNTAL 2 A4;SH;A 4;ADT;11716;13251;14588;16380;17196;18716;17956;17105;17759;16520;16179;15152;16053
846;BAHNTAL 3 A4;SH;A 4;ADT;11525;12899;14542;14399;14628;16169;15363;15359;16713;16097;16346;14713;14901
847;ENGI A4 GALGENBUCKTUNNEL;SH;H 13;ADT;16266;18165;20253;20190;20185;21943;20629;20702;22418;21625;21967;20087;20373
851;ECHANGEUR GD.ST.BERNARD OUEST (AR);VS;A 9;ADT;31312;37655;38330;39190;36299;40815;45596;46548;43961;44226;38893;38090;40089
852;ECHANGEUR GD.ST.BERNARD EST (AR);VS;A 9;ADT;0;0;0;0;0;0;40604;40878;0;38512;34634;31864;0
853;BIENNE NORD (AB);BE;A 16;ADT;0;0;0;15772;15470;16592;0;15848;17144;16811;16561;14876;0
854;BENKEN N (AB);ZH;A 4;ADT;19653;22998;24841;25360;25968;28992;30114;31614;31550;30688;28389;25094;27123
855;BENKEN S (AB);ZH;A 4;ADT;19686;23079;24859;25337;26003;29128;29775;31538;31237;30221;28309;25347;27060
856;OBEROHRINGEN (AB);ZH;A 1;ADT;0;0;0;72189;76322;0;0;0;0;0;0;0;0
